frame,hops_from_anchor,anchor_frame,err_m,est_lat,est_lon,gt_lat,gt_lon
0,0,0,128.97175653776966,43.521055926907,-5.625293845699417,43.5219581806046,-5.62429153135596
10,1,0,128.9706503580115,43.52105607834304,-5.625294145401938,43.5219581209767,-5.6242914916562
20,2,0,128.9623922950421,43.52105603575816,-5.625294077110828,43.5219580345242,-5.62429151133466
30,3,0,128.95684530319298,43.52105599405322,-5.625294018021494,43.5219578274057,-5.6242912787542
40,4,0,128.94418251330515,43.52105559177916,-5.6252932670617435,43.5219577224638,-5.6242912866802
50,5,0,128.90413888953228,43.5210542108958,-5.62529064630708,43.5219574903239,-5.62429142883582
60,6,0,128.854452546247,43.521052569478904,-5.625287524622321,43.5219571508382,-5.62429153594885
70,7,0,128.82814272481147,43.52105157534516,-5.6252856384059235,43.521956844868,-5.62429136271165
80,8,0,128.8014896694998,43.52105100302315,-5.625284555946138,43.5219566631367,-5.62429148746382
90,9,0,128.7895170678396,43.52105043967499,-5.625283484400581,43.5219566200653,-5.62429155756779
100,10,0,128.80561416533766,43.521050904925715,-5.625284366511173,43.5219566814313,-5.62429141782662
110,11,0,128.81097095256231,43.521051426978296,-5.625285354705174,43.521956779921,-5.62429156504521
120,12,0,128.86581012995492,43.52105432619813,-5.625290867190645,43.5219572309371,-5.62429176443359
130,13,0,128.89231686654463,43.52105562409644,-5.625293332394074,43.5219574919476,-5.62429192636176
140,14,0,128.937855470932,43.521057252140096,-5.625296421823169,43.5219580197336,-5.62429223647191
150,15,0,128.95199909363373,43.52105859677816,-5.625298973892795,43.5219581583186,-5.6242924563284
160,16,0,129.00992337377957,43.521060718793485,-5.62530301598492,43.5219586021027,-5.6242925170776
170,17,0,129.08185105609488,43.52106199813748,-5.625305459501232,43.521958963265,-5.62429200426726
180,18,0,129.10003352110976,43.5210622900146,-5.6253060272337585,43.5219590299369,-5.6242918377704
190,19,0,129.14954222106775,43.52106242338332,-5.625306301298275,43.5219591382414,-5.62429110276712
200,20,0,129.20317974965639,43.52106277033308,-5.62530697943681,43.5219592196047,-5.6242902884265
210,21,0,129.19097649947824,43.52106235931359,-5.625306209332229,43.5219590978265,-5.62429024170992
220,22,0,129.16917962962305,43.52106180882832,-5.6253051705284784,43.5219591061312,-5.62429056751184
230,23,0,129.12345167414497,43.52106063232476,-5.625302946446011,43.5219586903481,-5.62429051917478
240,24,0,129.08191929136885,43.52105969172569,-5.625301174836857,43.5219583214649,-5.62429052678764
250,25,0,129.06670298540905,43.521059083314505,-5.625300031031071,43.5219581897992,-5.62429048828225
254,0,254,92.3052637884468,43.52144376848371,-5.625187257552673,43.5219582482231,-5.62429045338022
260,26,0,129.07932343832127,43.52105918153454,-5.625300221528863,43.5219582684405,-5.62429039801046
270,27,0,129.07155597243616,43.52105943674268,-5.625300712901019,43.521958239413,-5.62429056058318
280,28,0,129.0835869672729,43.5210598243167,-5.625301457491317,43.5219582702061,-5.62429046593497
290,29,0,129.11384442165135,43.521060031989414,-5.625301859681195,43.5219584718053,-5.62429026504318
300,30,0,129.11095790803395,43.521059330865704,-5.62530054299827,43.5219583482559,-5.62428998135931
310,31,0,129.0795606059892,43.52105835991864,-5.625298706417248,43.5219582202408,-5.6242901893097
320,32,0,129.05125911632183,43.521058321015296,-5.625298627516738,43.521958291685,-5.62429085382894
330,33,0,129.04731762408298,43.52105845689414,-5.625298878853058,43.5219584294817,-5.62429118588687
340,34,0,129.02154446868167,43.521058159986836,-5.625298313589663,43.5219584319913,-5.62429163631577
350,35,0,129.0086418644285,43.521057984150914,-5.625297980644728,43.5219583229902,-5.62429167090877
360,36,0,128.9907525155516,43.52105709921335,-5.625296304800759,43.5219582507038,-5.62429173196998
370,37,0,129.0237890267931,43.521058001020656,-5.625298016748861,43.5219585079675,-5.62429169504283
380,38,0,129.13156411543122,43.521063491750056,-5.625308414271655,43.5219588828389,-5.62429134626318
390,39,0,129.16176506259023,43.521066865178994,-5.6253147775392485,43.5219588498452,-5.62429144749533
400,40,0,129.24958594830608,43.52106940066009,-5.625319520929315,43.5219591473793,-5.62429079791055
410,41,0,129.60418358934538,43.52107106324813,-5.6253226651987704,43.5219603331788,-5.62428633909936
420,42,0,130.1118223581577,43.52107199862308,-5.625324482447015,43.521962457462,-5.62428036452011
430,43,0,130.91397354264308,43.52107236903172,-5.625325238199374,43.5219664819417,-5.62427171292377
440,44,0,132.3118300312954,43.52107242195162,-5.6253253818815825,43.521972712618,-5.62425519286176
450,45,0,133.63384749922633,43.5210723040061,-5.62532519137966,43.5219779924521,-5.62423857984515
460,46,0,135.23810391587472,43.52107218341056,-5.625324986618307,43.5219844063257,-5.62421849093922
470,47,0,137.5892948684547,43.52107208036476,-5.625324808717868,43.5219933321352,-5.62418845517909
480,48,0,139.31743167525977,43.52107199499714,-5.6253246592119,43.5219997551099,-5.62416627418302
490,49,0,141.07452632238156,43.5210719364611,-5.625324556522031,43.522006300018,-5.62414384324646
500,50,0,143.2356182876692,43.52107189887007,-5.625324491149623,43.522014480986,-5.6241165817028
508,0,508,118.92409102465801,43.521485609956635,-5.625379365576777,43.5220185497043,-5.62410247774148
510,51,0,144.89531304088538,43.52107186880009,-5.625324438845198,43.5220206760524,-5.62409559941316
520,52,0,146.60861631698108,43.5210718454551,-5.62532439839077,43.5220268303048,-5.62407366646485
530,53,0,148.79747228064832,43.52107183818524,-5.625324387393754,43.5220348607353,-5.62404601000576
540,54,0,150.42332539118257,43.521071840412596,-5.625324393709165,43.5220411901429,-5.62402606386029
550,55,0,152.11842837723995,43.52107184388978,-5.6253244020335735,43.5220474655882,-5.6240048684585
560,56,0,154.19473396939617,43.521071847456916,-5.625324410234294,43.5220554431822,-5.6239793944432
570,57,0,155.5377560077709,43.521071851969964,-5.625324419805388,43.5220605699074,-5.62396291454342
580,58,0,156.72994740803352,43.52107185772211,-5.625324431415825,43.5220650947145,-5.62394827764927
590,59,0,158.00349898876783,43.52107185678619,-5.6253244304057874,43.5220700503588,-5.62393283259124
600,60,0,158.8046393541192,43.52107185085392,-5.625324419865698,43.5220731757362,-5.62392313820194
610,61,0,159.45408100457945,43.52107183919686,-5.625324398518362,43.5220753894069,-5.62391484989296
620,62,0,160.10203982082268,43.521071829231545,-5.625324380233689,43.5220777525098,-5.62390679889349
630,63,0,160.44946983716798,43.52107182127018,-5.625324365622803,43.5220789649662,-5.62390241028389
640,64,0,160.6772374310161,43.52107182330833,-5.62532436956405,43.5220797299136,-5.62389949802802
650,65,0,160.77881781026036,43.521071831618,-5.625324385118456,43.5220802067216,-5.62389838584753
660,66,0,160.84156093179772,43.52107183511343,-5.625324391675062,43.5220805953248,-5.62389782460603
670,67,0,160.87140879373166,43.52107183674158,-5.62532439474657,43.5220807862725,-5.62389756579508
680,68,0,160.88542521184726,43.521071835066564,-5.6253243916228515,43.5220808512696,-5.62389740979481
690,69,0,160.96715937545918,43.521071842201266,-5.6253244049875795,43.5220812427599,-5.62389652575415
700,70,0,161.19959703079365,43.521071846065176,-5.6253244123363455,43.5220822107085,-5.62389380803799
710,71,0,161.84655665068223,43.52107184184657,-5.625324404732934,43.5220845157024,-5.62388571776528
720,72,0,162.5979080803051,43.521071833833375,-5.625324390189053,43.5220871967062,-5.62387633568294
730,73,0,163.56879795331724,43.52107182067733,-5.6253243661278605,43.5220906626352,-5.62386422782687
740,74,0,164.8091668984567,43.521071804985645,-5.625324337310201,43.5220950107666,-5.62384867856214
750,75,0,165.69977269640094,43.52107179266952,-5.625324314735178,43.5220980564547,-5.6238374301961
760,76,0,166.58570710308553,43.521071790637855,-5.625324311304554,43.5221012500507,-5.62382647530374
761,0,761,191.65068069294387,43.521241027231795,-5.625878793980915,43.5221022998041,-5.62382296816104
770,77,0,167.7307732359136,43.521071790035506,-5.625324310532896,43.5221054500259,-5.62381242966299
780,78,0,168.55427444180268,43.52107179029741,-5.625324311356079,43.5221084698248,-5.62380233997999
790,79,0,169.452680820335,43.521071784234586,-5.625324300360836,43.5221117874436,-5.62379136991898
800,80,0,170.55661554016388,43.52107177684033,-5.625324286871869,43.5221156837566,-5.62377767398952
810,81,0,171.3944015253094,43.52107176879264,-5.625324272144687,43.5221186542787,-5.62376730850613
820,82,0,172.25106641195237,43.52107176462359,-5.625324264646815,43.5221216885731,-5.62375671854356
830,83,0,173.39280386172305,43.52107176327824,-5.6253242624175295,43.5221257431851,-5.62374263703365
840,84,0,174.22296639410985,43.52107175829398,-5.625324253385554,43.522128700103,-5.62373241866584
850,85,0,175.34003878817904,43.52107175230759,-5.625324242471873,43.5221323961044,-5.62371832860219
860,86,0,176.13273626862087,43.52107174558159,-5.6253242301747735,43.5221350123683,-5.62370833272582
870,87,0,176.97053990694616,43.521071744290964,-5.625324228013111,43.5221379061652,-5.62369794295156
880,88,0,177.83376066382112,43.52107174856161,-5.625324236224325,43.52214104525,-5.62368744741136
890,89,0,178.95351583331728,43.52107175828617,-5.625324254609051,43.5221452676876,-5.62367403470335
900,90,0,179.80706749303468,43.52107175945855,-5.625324257031788,43.5221483451246,-5.62366364143193
910,91,0,180.96207936214068,43.52107176050566,-5.625324259215166,43.5221525144648,-5.62364959668771
920,92,0,181.80645687156968,43.521071758938895,-5.625324256514456,43.5221555375021,-5.62363930681784
930,93,0,182.6131120526642,43.52107175975251,-5.625324258254145,43.5221584369189,-5.62362949969322
940,94,0,183.7712186941557,43.521071761859865,-5.625324262399012,43.5221625898966,-5.62361542106311
950,95,0,184.62283285381534,43.52107176338852,-5.625324265464136,43.5221657687827,-5.6236052290198
960,96,0,185.49226992805023,43.52107175699685,-5.625324253747686,43.5221688562773,-5.62359463494717
970,97,0,186.63376434790567,43.52107174892004,-5.625324238876425,43.5221725551234,-5.62358031232157
980,98,0,187.4608102720753,43.52107174471225,-5.625324231214798,43.522175349407,-5.6235700841256
990,99,0,188.29656487295819,43.52107174150971,-5.625324225423169,43.5221782808126,-5.62355988565361
1000,100,0,189.4494830978423,43.52107173527608,-5.625324213982839,43.5221822949722,-5.62354579242059
1010,101,0,190.2578569226981,43.52107173526519,-5.625324214139555,43.5221849399175,-5.62353572145355
1015,0,1015,1.2363158314718703,43.522184873079894,-5.62354389648371,43.522186988264,-5.62352886046911
1020,101,2030,154.58117127786298,43.52179215139077,-5.625361001580341,43.5221879658504,-5.62352539094139
1030,100,2030,155.80298641264693,43.52179216866759,-5.625361003579549,43.5221924876332,-5.62351144950251
1040,99,2030,156.7020901684002,43.521792183935624,-5.62536100534786,43.5221954635522,-5.62350104588315
1050,98,2030,157.57447254778003,43.52179219659523,-5.625361006815387,43.5221981996667,-5.62349089003828
1060,97,2030,158.80816133753413,43.521792207048236,-5.62536100802702,43.5222022210225,-5.62347659359379
1070,96,2030,159.6724395686654,43.52179221618508,-5.625361009086729,43.5222052853691,-5.6234666803756
1080,95,2030,160.5562921540118,43.52179222370567,-5.625361009958953,43.5222080426955,-5.62345638757402
1090,94,2030,161.74548514454335,43.521792230813034,-5.625361010784318,43.5222120450666,-5.62344266192075
1100,93,2030,162.48646575760594,43.521792236244096,-5.6253610114149915,43.5222148090577,-5.62343422231469
1110,92,2030,163.12593520216868,43.52179224011773,-5.625361011866126,43.5222169573797,-5.62342684073232
1120,91,2030,163.86029016548858,43.52179224320537,-5.6253610122268585,43.5222192365529,-5.62341828600336
1130,90,2030,164.36185514567939,43.52179224619677,-5.625361012576442,43.5222208403114,-5.6234124626259
1140,89,2030,164.81414935554972,43.52179224878823,-5.625361012878578,43.5222222599841,-5.62340720030191
1150,88,2030,165.2705025654723,43.521792250649845,-5.625361013096739,43.5222235697437,-5.62340183967885
1160,87,2030,165.38603797162386,43.52179225138644,-5.6253610131848,43.5222237484149,-5.62340041842794
1170,86,2030,165.43095081094916,43.52179225137168,-5.625361013184587,43.5222238615494,-5.62339988431284
1180,85,2030,165.49347957620867,43.521792252013775,-5.625361013255545,43.5222241165176,-5.62339918129586
1190,84,2030,165.52214893490378,43.521792253471226,-5.625361013436347,43.5222239504396,-5.62339874018532
1200,83,2030,165.5455802449275,43.52179225406215,-5.625361013525016,43.5222231964834,-5.62339812157169
1210,82,2030,165.65931279530213,43.52179225423403,-5.625361013570506,43.5222204142104,-5.62339549267751
1220,81,2030,165.84278856302214,43.5217922549755,-5.6253610136947065,43.522217049662,-5.62339173298247
1230,80,2030,166.15653220816594,43.521792256235564,-5.625361013893228,43.5222119852345,-5.62338561783079
1240,79,2030,166.7663653041706,43.52179225832391,-5.62536101421781,43.522202796306,-5.62337409120656
1250,78,2030,167.2164246151713,43.521792260335424,-5.625361014525476,43.522196127777,-5.62336570386685
1260,77,2030,167.64832239471704,43.521792261779524,-5.6253610147563124,43.5221897600502,-5.62335772522112
1269,0,1269,132.87137779668183,43.521296402851476,-5.624451252495733,43.522183547024,-5.62334999042767
1270,76,2030,168.20714076886645,43.52179226396561,-5.625361015101644,43.5221815161026,-5.62334748270431
1280,75,2030,168.62868733812422,43.52179226551324,-5.625361015343474,43.5221756053852,-5.62333992834364
1290,74,2030,169.03989678305916,43.52179226711703,-5.625361015590861,43.522169541097,-5.6233324993113
1300,73,2030,169.62665298592282,43.521792268636624,-5.625361015830888,43.5221613317945,-5.6233221359084
1310,72,2030,170.06123686078206,43.521792270195554,-5.625361016072361,43.5221556809621,-5.62331466264215
1320,71,2030,170.49435024946712,43.52179227171173,-5.625361016307359,43.5221497156564,-5.62330714665537
1330,70,2030,171.09639785021366,43.52179227320438,-5.62536101653981,43.522141665921,-5.62329685395113
1340,69,2030,171.53638032113693,43.52179227466675,-5.625361016768404,43.5221357065436,-5.6232893607429
1350,68,2030,171.9991060829739,43.521792276102886,-5.625361016994776,43.5221297451096,-5.62328162339637
1360,67,2030,172.62835650042658,43.52179227749566,-5.625361017213892,43.522121564095,-5.62327115205508
1370,66,2030,173.07346681235154,43.52179227889259,-5.625361017433748,43.5221156950812,-5.62326377160558
1380,65,2030,173.51999677118846,43.52179228026656,-5.625361017649137,43.522109861157,-5.6232564258428
1390,64,2030,174.142364563217,43.52179228160176,-5.625361017858241,43.522101754546,-5.62324626385536
1400,63,2030,174.59986335245253,43.52179228288882,-5.625361018062736,43.5220961174126,-5.62323893217659
1410,62,2030,175.07769577510354,43.521792284141014,-5.625361018265885,43.5220901174629,-5.62323128594642
1420,61,2030,175.7190232124861,43.52179228543832,-5.625361018474179,43.5220818098626,-5.6232210254704
1430,60,2030,176.17665529455365,43.52179228667889,-5.625361018674651,43.5220757341718,-5.62321371619124
1440,59,2030,176.6417835259576,43.521792287939284,-5.625361018875788,43.5220699426891,-5.62320642468307
1450,58,2030,177.30139545029576,43.521792289189214,-5.625361019074096,43.5220618042943,-5.62319616846125
1460,57,2030,177.773130854785,43.521792290412634,-5.625361019267639,43.5220559076604,-5.62318886230117
1470,56,2030,178.22301842169966,43.52179229154659,-5.62536101944694,43.5220501130936,-5.62318189252873
1480,55,2030,178.74886316321445,43.52179229251022,-5.625361019599698,43.5220436244188,-5.6231738552812
1490,54,2030,179.0462875976622,43.5217922932359,-5.625361019715967,43.5220398850083,-5.6231693150652
1500,53,2030,179.32821314629993,43.521792293905975,-5.625361019822233,43.5220365242813,-5.62316506445006
1510,52,2030,179.71409104556747,43.52179229459183,-5.625361019929867,43.5220321694505,-5.6231593174423
1520,51,2030,179.93870885891192,43.521792295154334,-5.6253610200181186,43.5220296481981,-5.6231559845859
1523,0,1523,129.2734115933557,43.5225960307563,-5.624552802987374,43.522029005689,-5.6231551597367
1530,50,2030,180.05781474964573,43.52179229545903,-5.625361020065695,43.5220281983143,-5.62315419717655
1540,49,2030,180.14849093688466,43.521792295583836,-5.625361020085222,43.5220274386871,-5.62315290758755
1550,48,2030,180.21831816607144,43.52179229568836,-5.625361020091706,43.5220276868404,-5.62315208349431
1560,47,2030,180.27069495295387,43.52179229593685,-5.6253610201227975,43.5220279773654,-5.62315148652546
1570,46,2030,180.2505733710111,43.52179229589077,-5.625361020138874,43.5220267024003,-5.62315148057091
1580,45,2030,180.23643834791147,43.52179229590522,-5.6253610201636555,43.5220248187094,-5.6231512790607
1590,44,2030,180.27164990983582,43.52179229606402,-5.625361020215133,43.522021909162,-5.62315025988441
1600,43,2030,180.36877369822503,43.521792296387446,-5.625361020311452,43.5220152107779,-5.62314774176417
1610,42,2030,180.52895142472235,43.52179229690056,-5.625361020459428,43.52200764042,-5.62314431476897
1620,41,2030,180.70023316850032,43.52179229767534,-5.625361020660117,43.5219988425835,-5.62314058390192
1630,40,2030,180.92695843093514,43.52179229829491,-5.6253610208402876,43.5219871498143,-5.62313574576865
1640,39,2030,181.0962538946656,43.52179229888878,-5.625361021011447,43.5219793199694,-5.62313235724199
1650,38,2030,181.2690743677195,43.521792299493804,-5.625361021185083,43.5219715207551,-5.62312898487805
1660,37,2030,181.5139389476546,43.521792300098795,-5.625361021358434,43.5219609114556,-5.62312436356695
1670,36,2030,181.69564238945946,43.521792300722566,-5.625361021537071,43.5219534704667,-5.62312105859324
1680,35,2030,181.88789398136905,43.52179230137046,-5.625361021720716,43.5219456637277,-5.62311762432035
1690,34,2030,182.15494509435115,43.52179230199774,-5.625361021905728,43.5219351674128,-5.6231129859017
1700,33,2030,182.33359684429195,43.521792302686315,-5.625361022102759,43.5219277373717,-5.62310989075531
1710,32,2030,182.54171067444705,43.52179230332907,-5.6253610222933625,43.5219199818239,-5.62310644306128
1720,31,2030,182.83252085177637,43.521792304035635,-5.6253610224947685,43.5219095967845,-5.62310175861287
1730,30,2030,183.04207228836458,43.52179230471852,-5.625361022696787,43.5219021444694,-5.62309844465981
1740,29,2030,183.25696960799888,43.52179230541834,-5.625361022906428,43.5218944772849,-5.62309509441272
1750,28,2030,183.55867501540413,43.52179230612063,-5.625361023121281,43.5218838637106,-5.6230904885079
1760,27,2030,183.75123264515688,43.52179230683648,-5.6253610233440465,43.521876528051,-5.62308756018397
1770,26,2030,183.97900346965056,43.521792307582594,-5.625361023570424,43.5218687069921,-5.6230842103149
1776,0,1776,85.17785777547284,43.522525601845246,-5.623611028872633,43.5218634619487,-5.62308218311564
1780,25,2030,184.2757777594209,43.52179230834979,-5.625361023800468,43.5218580185644,-5.62307989684547
1790,24,2030,184.5217653112922,43.5217923091559,-5.6253610240348815,43.5218505315284,-5.62307646106031
1800,23,2030,184.747290901393,43.521792309977755,-5.625361024276857,43.5218430935464,-5.62307332867452
1810,22,2030,185.0840828623424,43.521792310813424,-5.625361024523193,43.5218324715715,-5.6230687539601
1820,21,2030,185.3284154627384,43.521792311686475,-5.6253610247785435,43.5218247497516,-5.62306549426017
1830,20,2030,185.65375134893122,43.52179231256716,-5.625361025037549,43.5218147046805,-5.62306123570492
1840,19,2030,185.91565779200562,43.521792313473945,-5.625361025301099,43.5218068730751,-5.62305787165814
1850,18,2030,186.12283100019866,43.521792314297656,-5.625361025538648,43.5218007310007,-5.62305524711201
1860,17,2030,186.34321198298065,43.521792314945955,-5.625361025733426,43.5217934493044,-5.62305248854065
1870,16,2030,186.51030642039686,43.52179231551301,-5.625361025905799,43.5217884116748,-5.62305042447987
1880,15,2030,186.6399176542694,43.521792316065635,-5.625361026073983,43.5217839407796,-5.62304884160474
1890,14,2030,186.81037261262082,43.52179231657755,-5.6253610262287,43.5217785196266,-5.62304677952875
1900,13,2030,186.9010721933776,43.52179231693225,-5.62536102633499,43.5217758857155,-5.62304568870883
1910,12,2030,186.95396879101781,43.52179231712034,-5.6253610263943115,43.5217744063998,-5.62304505431113
1920,11,2030,187.0141596733688,43.52179231722135,-5.625361026401415,43.521774114971,-5.62304431292026
1930,10,2030,187.0555429694855,43.52179231744724,-5.625361026401269,43.5217742830365,-5.62304379770846
1940,9,2030,187.06168743187405,43.52179231742862,-5.625361026511559,43.5217739778662,-5.62304372625369
1950,8,2030,187.02420901229414,43.521792317396354,-5.625361026572227,43.5217725321156,-5.62304421329949
1960,7,2030,186.92048059417635,43.52179231740369,-5.625361026664698,43.5217699777392,-5.62304554277475
1970,6,2030,186.75879931653606,43.52179231741351,-5.625361026846857,43.5217659364226,-5.62304762715678
1980,5,2030,186.45071681948266,43.52179231743269,-5.625361027162762,43.5217572264345,-5.62305166529856
1990,4,2030,186.14344928376337,43.521792317432286,-5.625361027626248,43.5217483074498,-5.62305576440346
2000,3,2030,185.83929494103472,43.52179231742015,-5.625361028154845,43.5217397843754,-5.62305987447244
2010,2,2030,185.45520211358314,43.5217923174113,-5.6253610287097695,43.5217289959885,-5.6230651536215
2020,1,2030,185.19632389355456,43.521792317424776,-5.625361029293596,43.5217210227379,-5.623068809064
2030,0,2030,184.94975121857524,43.52179231744592,-5.625361029943583,43.521713144375,-5.62307235987618
2040,1,2030,184.63723230160062,43.52179231744524,-5.625361030674515,43.5217030662014,-5.62307694347509
2050,2,2030,184.39885805806261,43.52179231744859,-5.625361031497051,43.521695264186,-5.62308050789779
2060,3,2030,184.16291749945296,43.52179231744783,-5.62536103244724,43.5216878330497,-5.62308406239616
2070,4,2030,183.84265214086915,43.52179231742549,-5.62536103355934,43.5216776127683,-5.6230889767098
2080,5,2030,183.59733519069175,43.521792317385035,-5.625361034871906,43.5216695576695,-5.62309282647913
2090,6,2030,183.38875415143934,43.52179231735954,-5.625361036428009,43.5216621717321,-5.62309620356924
2100,7,2030,183.0892203458076,43.52179231729483,-5.625361038318087,43.5216520300264,-5.6231010818719
2110,8,2030,182.86168060689414,43.521792317174814,-5.6253610406619,43.5216441930923,-5.62310486604648
2120,9,2030,182.64868505663424,43.52179231705326,-5.625361043657387,43.5216368617775,-5.62310845806812
2130,10,2030,182.37562635544464,43.52179231695729,-5.62536104754976,43.5216267808283,-5.62311322881049
2140,11,2030,182.16192430626194,43.521792316871334,-5.625361052804457,43.52161891117,-5.62311702536681
2150,12,2030,181.97666753754217,43.52179231663391,-5.625361060583652,43.5216116924572,-5.62312042570811
2160,13,2030,181.71590204681613,43.52179231622413,-5.6253610732739965,43.5216014670706,-5.62312530401075
2170,14,2030,181.51788849032997,43.52179231533567,-5.625361098162582,43.5215936378468,-5.62312909792058
2180,15,2030,181.35939055663505,43.52179231312174,-5.625361154712323,43.521586829181,-5.62313230629799
2190,16,2030,181.19242838954833,43.52179230630991,-5.625361328043198,43.5215795331955,-5.62313586722359
2200,17,2030,180.54810256175713,43.52179254696925,-5.6253545414379476,43.5215744624459,-5.62313811398569
2210,18,2030,180.97736377994684,43.52179232818292,-5.625360722245423,43.5215697988297,-5.62313976670885
2220,19,2030,180.85901776249716,43.521792323822986,-5.6253608654792275,43.5215648244748,-5.62314234862801
2230,20,2030,180.7807953554628,43.52179232265585,-5.625360907092896,43.5215618517597,-5.62314395267495
2240,21,2030,180.76443292420348,43.521792322332374,-5.625360920453317,43.5215603727012,-5.62314446420063
2250,22,2030,180.81125840821312,43.52179232151803,-5.625360920830631,43.521559837167,-5.62314398499979
2260,23,2030,180.85553156858862,43.5217923196217,-5.625360913475466,43.5215597659932,-5.62314343727413
2270,24,2030,180.85715728875888,43.52179232134941,-5.625360925761918,43.5215596155241,-5.6231434595801
2280,25,2030,180.74089633113184,43.52179232244588,-5.625360935658676,43.5215585733431,-5.62314513366406
2284,0,2284,206.89074538339077,43.52148950650807,-5.625707073787495,43.5215580298245,-5.62314573431919
2290,26,2030,180.61144190343575,43.52179232300787,-5.625360947145074,43.521556401222,-5.62314720415206
2300,27,2030,180.42762528783015,43.521792323392795,-5.625360961037124,43.5215530197968,-5.62315021101934
2310,28,2030,180.0196588131964,43.52179232395143,-5.625360975413229,43.5215455697432,-5.62315689771432
2320,29,2030,179.58668927219847,43.521792324494236,-5.625360986770289,43.521537864877,-5.62316400784552
2330,30,2030,179.15376670573133,43.521792324884146,-5.625360993806584,43.5215303259677,-5.62317113669074
2340,31,2030,178.61057480598546,43.52179232515943,-5.625360998197602,43.5215211428998,-5.62318009585685
2350,32,2030,178.23366695720134,43.521792325292836,-5.625361001153415,43.5215141367497,-5.62318651922787
2360,33,2030,177.89571258844862,43.5217923253669,-5.625361003409341,43.5215074253696,-5.62319242974997
2370,34,2030,177.38808538256256,43.52179232550471,-5.625361005241073,43.5214985716812,-5.62320107767159
2380,35,2030,176.99105916039431,43.521792325618904,-5.625361006734638,43.5214916907107,-5.62320788950721
2390,36,2030,176.65543185418284,43.52179232570081,-5.625361007953021,43.5214851680074,-5.62321388046297
2400,37,2030,176.1869068606778,43.52179232574847,-5.625361008977618,43.5214761849594,-5.62322228632698
2410,38,2030,175.8229669776212,43.521792325814495,-5.625361009860778,43.5214693674525,-5.62322883134128
2420,39,2030,175.47877477279295,43.52179232587974,-5.625361010622127,43.5214627991739,-5.62323510471391
2430,40,2030,175.0260904625811,43.52179232593737,-5.6253610112819645,43.5214541349169,-5.623243437138
2440,41,2030,174.6805331815609,43.52179232596495,-5.625361011861843,43.5214473667896,-5.62324990332518
2450,42,2030,174.35634588553813,43.521792326019195,-5.625361012389089,43.521440766745,-5.62325609692551
2460,43,2030,173.9181603509551,43.52179232605843,-5.6253610128563905,43.5214319388601,-5.62326451743939
2470,44,2030,173.58062077927116,43.52179232610803,-5.625361013288549,43.5214249221898,-5.62327113816175
2480,45,2030,173.27237852483577,43.52179232614428,-5.625361013674218,43.5214185070875,-5.62327723705612
2490,46,2030,172.84531320265577,43.52179232619693,-5.625361014029182,43.5214097541459,-5.62328571976214
2500,47,2030,172.54454140178666,43.521792326234966,-5.625361014338567,43.5214033490155,-5.62329183500799
2510,48,2030,172.2961485029228,43.521792326261426,-5.625361014567059,43.5213985906147,-5.62329672947278
2520,49,2030,172.03949254618138,43.521792326270614,-5.625361014745298,43.5213925663006,-5.6233022244988
2530,50,2030,171.85806588149194,43.52179232626105,-5.625361014895864,43.5213883537836,-5.62330611784072
2538,0,2538,149.89090950193764,43.521635085318806,-5.625133856606666,43.521384556726,-5.6233093469169
2540,51,2030,171.7177775612232,43.52179232623901,-5.62536101503035,43.521384556726,-5.6233093469169
2550,52,2030,171.57619082839545,43.52179232621385,-5.625361015135364,43.5213805117092,-5.62331270444234
2560,53,2030,171.510261549435,43.52179232622085,-5.62536101519359,43.5213787778367,-5.62331421690242
2570,54,2030,171.46573013166153,43.52179232623405,-5.625361015217956,43.5213784744314,-5.623314906309
2580,55,2030,171.47665268867556,43.52179232623894,-5.625361015205123,43.5213786812707,-5.62331468627362
2590,56,2030,171.48259051013798,43.521792326294964,-5.625361015267743,43.5213786918251,-5.6233146059342
2600,57,2030,171.45584503270075,43.52179232639066,-5.625361015344333,43.521377976797,-5.62331522520902
2610,58,2030,171.2602692716301,43.52179232643257,-5.62536101540262,43.5213766200738,-5.62331826525171
2620,59,2030,170.93335660741687,43.521792326626965,-5.62536101553573,43.5213752482042,-5.6233230052759
2630,60,2030,170.40134952421587,43.52179232702662,-5.625361015781211,43.5213733465571,-5.62333059933285
2640,61,2030,169.42287807220768,43.52179232753971,-5.625361016107071,43.5213691494603,-5.62334487252488
2650,62,2030,168.56652164994895,43.5217923280731,-5.625361016436896,43.5213658263244,-5.62335725963104
2660,63,2030,167.78210375282487,43.52179232855298,-5.625361016726651,43.5213629088489,-5.62336858153223
2670,64,2030,166.81556641156087,43.52179232893462,-5.625361016967955,43.5213587314212,-5.62338280926044
2680,65,2030,166.07949700897342,43.52179232927458,-5.625361017179788,43.5213558052414,-5.62339356821786
2690,66,2030,165.38607189874207,43.5217923296033,-5.625361017386134,43.5213527752307,-5.62340384343759
2700,67,2030,164.4224331732215,43.52179232991456,-5.625361017579201,43.5213488761249,-5.62341802929556
2710,68,2030,163.68897563272884,43.52179233020519,-5.625361017757968,43.5213457598281,-5.62342892237169
2720,69,2030,162.97492743822858,43.5217923304694,-5.625361017922238,43.5213428841587,-5.62343948407225
2730,70,2030,162.06139493175212,43.52179233071662,-5.625361018075708,43.5213390905289,-5.62345308553285
2740,71,2030,161.34382324921341,43.52179233094844,-5.6253610182189995,43.5213360123376,-5.6234638455291
2750,72,2030,160.66345224295665,43.521792331166175,-5.6253610183530895,43.5213332108922,-5.62347402027818
2760,73,2030,159.74504715586048,43.52179233136965,-5.625361018478352,43.5213293108954,-5.62348785046893
2770,74,2030,159.02691115598776,43.52179233156367,-5.625361018596906,43.5213264243289,-5.62349862124097
2780,75,2030,158.36518410225116,43.52179233174661,-5.6253610187093095,43.5213236814805,-5.62350861111318
2790,76,2030,157.4412411180971,43.5217923319277,-5.625361018818542,43.5213198625612,-5.62352259687968
2792,0,2792,50.96572229975803,43.521730776474094,-5.6232441685139225,43.5213198625612,-5.62352259687968
2800,77,2030,156.72555985176987,43.52179233209795,-5.625361018922465,43.5213168871048,-5.62353347351159
2810,78,2030,155.82173101841624,43.521792332257995,-5.625361019020191,43.521313023294,-5.62354730733943
2820,79,2030,155.15738828394717,43.521792332408445,-5.62536101911357,43.5213101021861,-5.62355755028253
2830,80,2030,154.4493991379294,43.52179233255478,-5.625361019203276,43.5213070392102,-5.62356847318051
2840,81,2030,153.76282167359008,43.52179233270518,-5.625361019291689,43.5213042119947,-5.62357902344264
2850,82,2030,152.91038720600847,43.521792332841,-5.625361019372509,43.5213005943634,-5.62359222169426
2860,83,2030,152.36835242695435,43.52179233294357,-5.6253610194323596,43.5212984398216,-5.62360056210518
2870,84,2030,151.7970710914037,43.52179233302481,-5.6253610194800565,43.5212961787076,-5.6236093678702
2880,85,2030,151.40154896124125,43.5217923330912,-5.625361019521892,43.5212942580079,-5.62361566969193
2890,86,2030,151.02495187155094,43.521792333155574,-5.6253610195617485,43.5212927754541,-5.62362149292826
2900,87,2030,150.68713375238315,43.52179233320656,-5.62536101959307,43.5212911369826,-5.62362689409882
2910,88,2030,150.5533797885929,43.521792333234046,-5.6253610196091675,43.521290644283,-5.62362894932262
2920,89,2030,150.49922808543892,43.52179233324789,-5.625361019611087,43.5212907361203,-5.62362962114905
2930,90,2030,150.51608736246686,43.521792333243965,-5.625361019607888,43.5212911737861,-5.62362915522779
2940,91,2030,150.48269354085286,43.52179233328661,-5.625361019622894,43.5212907240579,-5.62362984841482
2950,92,2030,150.39370574311872,43.52179233328822,-5.6253610196308035,43.5212899410431,-5.62363146786817
2960,93,2030,150.07705064981877,43.52179233332381,-5.625361019649908,43.5212893105875,-5.62363604399975
2970,94,2030,149.6295445799468,43.52179233342381,-5.625361019691012,43.521288764636,-5.62364232507525
2980,95,2030,148.93319992265435,43.52179233359531,-5.625361019757306,43.5212883249825,-5.62365187960202
2990,96,2030,147.75803020866329,43.521792333818404,-5.6253610198425354,43.5212875376499,-5.62366805282121
3000,97,2030,146.86619701135575,43.52179233402712,-5.625361019923827,43.521286928029,-5.62368035377411
3010,98,2030,146.00450044862046,43.52179233420742,-5.625361019996803,43.5212862308202,-5.6236923184842
3020,99,2030,144.94374503057108,43.5217923343793,-5.625361020065214,43.5212851857952,-5.62370718099006
3030,100,2030,144.13579315052002,43.521792334544635,-5.625361020130461,43.5212844947546,-5.62371846026322
3040,101,2030,143.30395107244814,43.521792334706134,-5.625361020193113,43.521283873003,-5.62373003773626
3045,0,3045,164.15014491460022,43.52118138313425,-5.625766172117167,43.5212835676786,-5.62373748363982
3050,101,4060,2.8866533222679087,43.52126261477523,-5.623766209028462,43.521283206498,-5.62374447321454
3060,100,4060,2.938918145699463,43.521261766229784,-5.623778176562778,43.5212825737123,-5.62375576704224
3070,99,4060,2.972204080168818,43.521260974702976,-5.623789946664566,43.5212819611445,-5.62376718355505
3080,98,4060,2.8409791736309202,43.52126010389069,-5.623801691553631,43.5212810724483,-5.62378162890929
3090,97,4060,2.8715364801929577,43.52125929625158,-5.623813443737613,43.5212803901801,-5.6237929676325
3100,96,4060,2.9057330507974486,43.5212585958425,-5.623825214196251,43.5212800284512,-5.62380466670372
3110,95,4060,2.770266486851887,43.5212576777145,-5.623836765367762,43.5212791684713,-5.62381946091999
3120,94,4060,2.8129891942817644,43.521256749621315,-5.623848275753002,43.521278463655,-5.62383045144282
3130,93,4060,2.8189364765928793,43.52125587442717,-5.62385965778815,43.5212777166211,-5.62384198775587
3140,92,4060,2.710359944466229,43.52125501687517,-5.6238711490754785,43.5212769066719,-5.62385644766574
3150,91,4060,2.759481817840861,43.52125417272998,-5.623881934334166,43.5212764186326,-5.62386685199668
3160,90,4060,2.7689690553133333,43.52125360571489,-5.623890587958333,43.521275981652,-5.62387560492588
3170,89,4060,2.7014060499799717,43.521253167113805,-5.623897691563853,43.5212755343912,-5.62388471064042
3180,88,4060,2.707462677120677,43.52125270730076,-5.623904197289742,43.5212751908241,-5.62389140603058
3190,87,4060,2.7023400745512474,43.52125226681175,-5.623910447919828,43.5212747550772,-5.6238978400827
3200,86,4060,2.6859554535395236,43.521252000703164,-5.623915444581112,43.5212745964181,-5.6239037743288
3210,85,4060,2.6804094423228895,43.5212518360261,-5.6239181236908555,43.5212743319407,-5.6239062836826
3220,84,4060,2.66663679996676,43.521251883890116,-5.623918853766876,43.5212742404462,-5.62390698906282
3230,83,4060,2.6421175793228766,43.52125232237355,-5.6239182276963025,43.5212745020452,-5.62390657538584
3240,82,4060,2.6155051977331594,43.52125245888389,-5.623918226963021,43.5212745228798,-5.62390708981779
3250,81,4060,2.6162018744576496,43.521252119390496,-5.623919538879276,43.521274188565,-5.62390839613625
3260,80,4060,2.5585509710147383,43.52125165947595,-5.623922265517335,43.521273588265,-5.62391277227019
3270,79,4060,2.5466199940633922,43.52125105466837,-5.623927431522707,43.5212729669247,-5.62391836774347
3280,78,4060,2.5407034506036146,43.52125020527572,-5.623935957190989,43.5212721030382,-5.62392708362246
3290,77,4060,2.4638388105138733,43.521249058543575,-5.623947710834177,43.5212709190922,-5.62394293595556
3299,0,3299,112.91410937708872,43.521142001116,-5.625343142598251,43.5212699293065,-5.62395547471419
3300,76,4060,2.4714284926658636,43.52124797519181,-5.623960030080419,43.5212699293065,-5.62395547471419
3310,75,4060,2.470048183519809,43.521246841409464,-5.623971957218577,43.5212688300701,-5.62396785631481
3320,74,4060,2.417331340939246,43.52124580326367,-5.623982978459797,43.5212675181688,-5.62398314891782
3330,73,4060,2.4016023715958106,43.52124480859705,-5.6239937006255465,43.5212663815122,-5.62399399360323
3340,72,4060,2.3986267466987936,43.52124387717527,-5.624004436593561,43.5212654142061,-5.6240053508056
3350,71,4060,2.409363519897802,43.521242968260346,-5.624015134972975,43.5212643612311,-5.62401966494783
3360,70,4060,2.413733150015368,43.521242000707296,-5.624025862839115,43.5212634092082,-5.62403060530575
3370,69,4060,2.406934512690213,43.52124100624588,-5.624036718692248,43.521262265561,-5.62404215626784
3380,68,4060,2.465784800838827,43.52124001107266,-5.6240475794846345,43.5212611766734,-5.62405658723189
3390,67,4060,2.4540006730714548,43.52123903814511,-5.62405837020746,43.5212600284342,-5.62406765984376
3400,66,4060,2.4723659356950516,43.52123806342677,-5.624069212551509,43.5212590960811,-5.62407905109586
3410,65,4060,2.5453262918990385,43.52123714848485,-5.624080132004926,43.5212578534005,-5.62409351105297
3420,64,4060,2.532324753841487,43.52123612836649,-5.62409129515752,43.5212568636833,-5.62410419751589
3430,63,4060,2.5269676201555105,43.52123505260074,-5.624102819316056,43.5212557151014,-5.62411578250291
3440,62,4060,2.602496425604842,43.52123398885389,-5.624113839528486,43.5212544957913,-5.62412932127464
3450,61,4060,2.583518644049399,43.521233095831235,-5.624123242147472,43.5212537203154,-5.62413791812284
3460,60,4060,2.5851555548287175,43.52123232604431,-5.624131275588316,43.5212530231752,-5.62414580051722
3470,59,4060,2.6460628514529247,43.52123176143998,-5.624138591447331,43.5212524212988,-5.6241548027231
3480,58,4060,2.607266329917859,43.521231329536505,-5.624145716823032,43.5212520272898,-5.62416083452232
3490,57,4060,2.5951023869450314,43.52123074816444,-5.624151793656523,43.5212515637861,-5.62416626869106
3500,56,4060,2.599616994390996,43.52123024132455,-5.624155252071231,43.5212509338104,-5.62417018012094
3510,55,4060,2.589932209228297,43.52123005172154,-5.624156709288327,43.5212508053754,-5.62417121140744
3520,54,4060,2.5804546069520433,43.52123060738703,-5.624156218415277,43.5212512330353,-5.62417080829284
3530,53,4060,2.5760635274939534,43.521231068051804,-5.624155582802132,43.5212514634506,-5.62417066102342
3540,52,4060,2.593192332909726,43.52123067823137,-5.62415657475777,43.5212512235088,-5.62417171648218
3550,51,4060,2.596799192082475,43.521230052565784,-5.624158859240997,43.5212506339003,-5.62417400270527
3553,0,3553,102.06197866662615,43.52158835161056,-5.625350466127002,43.5212503587998,-5.62417511963476
3560,50,4060,2.6330785832992056,43.52122916257112,-5.624163501598883,43.5212495888067,-5.62417994972274
3570,49,4060,2.597385285964439,43.521227912704546,-5.624171933569581,43.5212482466813,-5.62418771457165
3580,48,4060,2.5739127449827874,43.52122615356652,-5.624184541913633,43.5212468201892,-5.62419884127053
3590,47,4060,2.6386519180160963,43.521224151897435,-5.624199068728358,43.5212447010116,-5.62421536210441
3600,46,4060,2.605518613092872,43.52122213712057,-5.624213428460707,43.5212432120152,-5.62422747068567
3610,45,4060,2.576175098767668,43.5212200947144,-5.624227029223909,43.5212414737565,-5.62423924768637
3620,44,4060,2.611666772823714,43.52121813083387,-5.624240423503447,43.5212393608156,-5.62425419408377
3630,43,4060,2.5610949397898035,43.52121631427922,-5.624253893039023,43.5212378736697,-5.62426496882727
3640,42,4060,2.539668890860698,43.521214567562076,-5.62426727903802,43.5212364340874,-5.62427625308177
3650,41,4060,2.5389200315361826,43.52121286038403,-5.624280723320411,43.5212345547147,-5.6242904297924
3660,40,4060,2.528007076866127,43.521211172569465,-5.624294312799992,43.5212332593989,-5.62430159615831
3670,39,4060,2.519851717444422,43.521209379988846,-5.6243081510745805,43.5212317447019,-5.62431297150903
3680,38,4060,2.4949632045057686,43.521207514608435,-5.624321631277604,43.5212295571263,-5.62432722526649
3690,37,4060,2.5003121728340973,43.521205589390114,-5.624335112153643,43.5212279351717,-5.62433824132917
3700,36,4060,2.5251906767206984,43.52120378688616,-5.624348532247337,43.5212264634463,-5.62434934269956
3710,35,4060,2.521111385192395,43.52120199965246,-5.624361953653641,43.5212246022354,-5.62436392038762
3720,34,4060,2.5544521351013225,43.52120030084162,-5.624374519570791,43.5212232368766,-5.62437353987159
3730,33,4060,2.583089312561468,43.52119903675907,-5.624384588415491,43.5212221850666,-5.6243823669563
3740,32,4060,2.5452376226478584,43.52119791778184,-5.624393099698819,43.5212207530232,-5.62439151161272
3750,31,4060,2.580903161850919,43.52119686485092,-5.624400859513911,43.5212199682949,-5.62439818581401
3760,30,4060,2.595824725000517,43.52119579776793,-5.624408311526948,43.5212189364973,-5.62440432396909
3770,29,4060,2.605873923545748,43.521194954278336,-5.62441405580455,43.5212181972078,-5.62441021763726
3780,28,4060,2.6250477075550243,43.5211945288977,-5.624417018112766,43.5212178999705,-5.62441268634877
3790,27,4060,2.629494635730144,43.52119455492049,-5.624417523745267,43.5212179890664,-5.62441343280848
3800,26,4060,2.655566097609882,43.52119471338201,-5.624416959058399,43.5212184128196,-5.62441320382941
3807,0,3807,1.3796244102100117,43.52121035014156,-5.624426338323506,43.5212183555927,-5.62441329096213
3810,25,4060,2.607574362617675,43.52119508021467,-5.6244191712258615,43.5212181352519,-5.62441345838693
3820,24,4060,2.652913322546701,43.52119447449279,-5.624420957854234,43.5212178653602,-5.62441466691589
3830,23,4060,2.6582180531421997,43.52119396386628,-5.624423974469046,43.5212175341296,-5.62441869456587
3840,22,4060,2.6807296522725554,43.52119403548688,-5.624429957154242,43.5212177238351,-5.62442398138143
3850,21,4060,2.707392028722377,43.52119460567797,-5.624440198537809,43.5212183088518,-5.62443268708878
3860,20,4060,2.686263871344567,43.5211956781893,-5.62445432723345,43.5212194322811,-5.62444846750625
3870,19,4060,2.7180059781717056,43.52119686843095,-5.624468979513602,43.5212205741466,-5.62446091536181
3880,18,4060,2.676161376280327,43.521198014187966,-5.6244827642152835,43.5212216731773,-5.6244768822276
3890,17,4060,2.6970897748260807,43.52119892343066,-5.624495814097583,43.5212225070453,-5.6244881571412
3900,16,4060,2.70674724728312,43.521199710768094,-5.624508601781782,43.5212231006974,-5.62449943980393
3910,15,4060,2.66173820946373,43.521200480929664,-5.624520912972336,43.5212239286714,-5.62451445482483
3920,14,4060,2.670856921969076,43.521201354938455,-5.624533597268762,43.5212246169706,-5.62452549367052
3930,13,4060,2.6682860134751736,43.52120250602883,-5.62454642913129,43.5212253199364,-5.62453628856928
3940,12,4060,2.6518369007324423,43.521203569764936,-5.624557144203729,43.5212266262863,-5.62454888377717
3950,11,4060,2.643029586812337,43.521204393214184,-5.624565850722984,43.5212271317335,-5.62455642870992
3960,10,4060,2.663148453637893,43.52120500907786,-5.624573560859908,43.5212276935167,-5.62456308085924
3970,9,4060,2.634413246256218,43.521205563080386,-5.624581037515096,43.5212282701035,-5.62457184416251
3980,8,4060,2.6655778336673377,43.52120603385212,-5.6245877505357145,43.521228628954,-5.62457681844727
3990,7,4060,2.6716360356663444,43.5212064103227,-5.624592055890792,43.5212288657431,-5.62458037509618
4000,6,4060,2.6891208406646463,43.52120659013421,-5.6245939601695625,43.5212292608487,-5.62458245586316
4010,5,4060,2.672499252351989,43.52120696405455,-5.624593763717308,43.5212295105225,-5.62458239022123
4020,4,4060,2.6948156185759315,43.52120737553588,-5.624594811591471,43.5212298085822,-5.62458226399383
4030,3,4060,2.58606468424985,43.521210005675776,-5.624599442531798,43.5212298815722,-5.62458285744197
4040,2,4060,2.4717425796960555,43.52121291303089,-5.6246023074906155,43.5212306558832,-5.62458389734092
4050,1,4060,2.3893408313182087,43.521215730661716,-5.624602558105403,43.5212326663644,-5.62458437316275
4060,0,4060,2.407289383971166,43.52122110487394,-5.624602516738396,43.5212384802073,-5.62458476238362
4070,1,4060,2.299789662219467,43.521229667900975,-5.624602462267898,43.5212459273818,-5.62458488565735
4080,2,4060,2.141452198736124,43.521240777844525,-5.624602524216168,43.5212551316622,-5.62458486172093
4090,3,4060,2.2791488468419243,43.52125202753175,-5.624602748807407,43.5212679295868,-5.62458496413002
4100,4,4060,2.092995326157464,43.52126279540934,-5.624603061789531,43.5212763794313,-5.62458513485124
4110,5,4060,1.9693652326285132,43.5212728368203,-5.624603404569298,43.5212848006974,-5.62458543191791
4120,6,4060,2.0729332797989675,43.521282705095,-5.62460376602278,43.5212960345104,-5.62458583335504
4130,7,4060,1.9123319273839787,43.52129270146,-5.624603980284307,43.5213040035111,-5.62458613864477
4140,8,4060,1.8050473967498228,43.521302548014276,-5.624604114649754,43.521312123702,-5.62458606848955
4150,9,4060,1.8891321250443163,43.52131255995689,-5.624604366995435,43.5213233953473,-5.62458635487587
4160,10,4060,1.7751324207668864,43.521322399234776,-5.62460467269461,43.5213313520124,-5.62458647441615
4170,11,4060,1.6863730697028472,43.52133242559492,-5.624605135758035,43.5213394844703,-5.62458665071388
4180,12,4060,1.7256214359249844,43.52134142549468,-5.624605517210957,43.521349102429,-5.62458694496873
4190,13,4060,1.6530315442194257,43.52134855413423,-5.624605820353483,43.5213546099194,-5.62458712199895
4200,14,4060,1.6128386593483943,43.52135452516464,-5.624605773159231,43.5213598081788,-5.62458716812323
4210,15,4060,1.649478087035409,43.52136011074681,-5.62460579233671,43.5213661165033,-5.62458711146033
4220,16,4060,1.612716646503034,43.52136537962357,-5.624605940713284,43.5213700276027,-5.6245870176759
4230,17,4060,1.5865423120788242,43.52136955882028,-5.624606090488622,43.5213731521234,-5.62458707048723
4240,18,4060,1.6106157462289266,43.521371719590334,-5.624606253659234,43.5213753977483,-5.62458695600359
4250,19,4060,1.605943118278908,43.52137198091089,-5.624606160101323,43.5213757238388,-5.62458694607935
4260,20,4060,1.589871538523598,43.521371850642446,-5.624605207912628,43.521375854604,-5.62458630156838
4270,21,4060,1.5692728449643283,43.521372016137036,-5.624604813376445,43.5213761617789,-5.62458623202747
4280,22,4060,1.5958768947947715,43.521372351851376,-5.624605518157083,43.5213768747509,-5.6245867572817
4290,23,4060,1.6037221449664425,43.52137404831688,-5.624606197398245,43.5213785039018,-5.62458730368412
4300,24,4060,1.6160060188675895,43.52137852275332,-5.624606558722495,43.5213836143679,-5.62458781055486
4310,25,4060,1.584298837906496,43.52138625427031,-5.624606630879844,43.5213902583103,-5.62458779649547
4314,0,4314,2.0957156110210904,43.521380065116894,-5.624606867785692,43.5213927841067,-5.62458772624576
4320,26,4060,1.5398700525917093,43.52139711311263,-5.624606786186387,43.5213986009995,-5.62458782010108
4330,27,4060,1.5735695104611593,43.521408852354924,-5.624606891658704,43.5214114770552,-5.62458773640634
4340,28,4060,1.5727311657591516,43.52142010887378,-5.624607039425558,43.5214202039182,-5.62458755599712
4350,29,4060,1.5772690210664666,43.5214304522307,-5.624607202350621,43.5214288496029,-5.62458778765814
4360,30,4060,1.5685818093466875,43.521440328415714,-5.624607255010756,43.5214400780701,-5.62458782560669
4370,31,4060,1.5810615623013453,43.52145009014308,-5.624607136082776,43.5214482445901,-5.62458771506914
4380,32,4060,1.6158535356965698,43.52145991886773,-5.624606940336295,43.5214561495118,-5.62458760895026
4390,33,4060,1.5993917030884763,43.521469622532535,-5.6246067823396855,43.5214671098358,-5.62458727353327
4400,34,4060,1.6453227882896488,43.52147931833099,-5.624606608852673,43.521474939059,-5.62458714092601
4410,35,4060,1.70064397868867,43.52148900548987,-5.624606458754677,43.5214831326161,-5.62458700916939
4420,36,4060,1.6446927826978328,43.521498853269144,-5.624606382769641,43.521494228023,-5.62458703154628
4430,37,4060,1.7203129195431501,43.52150879543184,-5.624606181360911,43.5215023109643,-5.62458683608526
4440,38,4060,1.8100718253888501,43.52151855964627,-5.624605868874861,43.5215102952483,-5.62458655707125
4450,39,4060,1.7521799853030346,43.52152826595203,-5.624605578339088,43.5215212627015,-5.62458613829034
4460,40,4060,1.859651590681191,43.52153806221683,-5.624605499717454,43.5215290464172,-5.6245861044769
4470,41,4060,1.9641385165927054,43.5215476511933,-5.624605137138058,43.521536684085,-5.62458607579101
4480,42,4060,1.8898328478797954,43.52155498821371,-5.6246049406446605,43.5215451032605,-5.62458590646392
4490,43,4060,1.9498364251258775,43.5215612122704,-5.624604814598898,43.5215503031985,-5.62458591596287
4500,44,4060,1.9749283140100002,43.521566771333895,-5.6246046310674105,43.5215554097926,-5.62458583990036
4510,45,4060,1.9360590708093302,43.52157222020066,-5.62460432019759,43.5215613209892,-5.62458562926937
4520,46,4060,1.9972907183264417,43.52157668809373,-5.62460417702489,43.5215647772546,-5.62458567220369
4530,47,4060,2.032693006186066,43.52157889439558,-5.624603936005478,43.5215665836717,-5.62458533751922
4540,48,4060,1.9914768383853494,43.52157918599342,-5.624603766645325,43.5215675917218,-5.62458497778776
4550,49,4060,1.9637567478876823,43.521579114371676,-5.62460312908568,43.5215677368451,-5.62458453705529
4560,50,4060,1.907241036120621,43.52157886062797,-5.624602742558554,43.5215679465286,-5.62458452897407
4568,0,4568,2.9787299018928395,43.52155183788824,-5.624614222023299,43.5215682345479,-5.62458505952126
4570,51,4060,1.8511579844086663,43.5215784866458,-5.6246036842300455,43.5215684746611,-5.62458537336475
4580,52,4060,1.8442289837732702,43.521579609483894,-5.624604366577877,43.5215699495735,-5.62458580504723
4590,53,4060,1.857445538338304,43.52158323467643,-5.624605050266631,43.5215732894325,-5.62458657325726
4600,54,4060,1.7935663445544634,43.521590063153006,-5.624605805118312,43.5215809902555,-5.62458744323841
4610,55,4060,1.8914998373165954,43.5216001407566,-5.624606717209568,43.521589553526,-5.62458838897488
4620,56,4060,2.0323275594186785,43.52161142691173,-5.624607537995192,43.5215988353197,-5.62458930687611
4630,57,4060,1.9196838555332476,43.52162240456464,-5.624608293144737,43.5216111933167,-5.62459022274523
4640,58,4060,2.033210150169849,43.52163237387507,-5.624609006438274,43.5216195345329,-5.62459109159218
4650,59,4060,2.1450408634605753,43.521641965675144,-5.624609588298079,43.5216278259582,-5.62459153473483
4660,60,4060,1.992815384027902,43.521651320549104,-5.624610264320211,43.521639045174,-5.62459229434383
4670,61,4060,2.1057658133232713,43.521660688303726,-5.624611073928267,43.521646993787,-5.6245930773694
4680,62,4060,2.1915234074676966,43.52166999748571,-5.624612041070496,43.5216552508755,-5.62459405422557
4690,63,4060,2.0353722321719836,43.521679263023515,-5.624612897654854,43.521666217437,-5.6245952302053
4700,64,4060,2.1486576156093387,43.52168853868276,-5.62461363162994,43.5216741859915,-5.62459583348326
4710,65,4060,2.252616052274738,43.521697197446656,-5.624614366381118,43.5216815361034,-5.62459669450894
4720,66,4060,2.124378884377327,43.52170407330289,-5.624615085284169,43.5216897379365,-5.6245977129762
4730,67,4060,2.2000129983854455,43.52170992229893,-5.624615685857749,43.5216946388206,-5.62459840621065
4740,68,4060,2.2401596796388845,43.52171529780279,-5.624616160353598,43.5216995080772,-5.62459895492874
4750,69,4060,2.1504363672333118,43.521720441459,-5.624616525926058,43.5217055389539,-5.62459957434548
4760,70,4060,2.225722263461533,43.5217244221141,-5.624616693198629,43.5217085983835,-5.62459983833129
4770,71,4060,2.2374769813464006,43.521726577407,-5.624616916604169,43.5217106704428,-5.62459997212
4780,72,4060,2.194220600253063,43.521727180847634,-5.624616867789833,43.5217117433787,-5.62459996564559
4790,73,4060,2.159751313458265,43.52172742968423,-5.624615633629019,43.521712005406,-5.62459940331706
4800,74,4060,1.8867454103626629,43.521724901563886,-5.624614842462317,43.5217122972118,-5.6245992156537
4810,75,4060,1.5694656803715727,43.521722543210174,-5.624614503857924,43.5217126106063,-5.62460070476811
4820,76,4060,1.4724693369104305,43.521722754706296,-5.624615952351918,43.5217135057107,-5.62460291128968
4822,0,4822,5.215236987740574,43.521670269302454,-5.624626951844724,43.5217140519021,-5.62460396030948
4830,77,4060,1.3182381254009718,43.521724749770435,-5.624620099896425,43.5217164988152,-5.62460838545074
4840,78,4060,1.301763003694433,43.52172852011451,-5.624627457695104,43.5217206274114,-5.6246155579867
4850,79,4060,1.4160644773316333,43.5217341609765,-5.62463839740768,43.521725854353,-5.62462511100259
4860,80,4060,1.1751629109747057,43.52174038681692,-5.624649824879115,43.5217336178516,-5.62463865298759
4870,81,4060,1.2830738655210032,43.52174636999601,-5.624660664403635,43.5217392456727,-5.62464816902366
4880,82,4060,1.3907516715525134,43.521751878586265,-5.624670834830614,43.5217443427057,-5.62465709265121
4890,83,4060,1.2065052862626255,43.52175712486325,-5.624680835091017,43.5217508775219,-5.62466862111829
4900,84,4060,1.2721533062173236,43.52176230862521,-5.624690747881045,43.5217558770635,-5.62467772050009
4910,85,4060,1.370244264313096,43.521767522618596,-5.624700566231945,43.5217607913306,-5.62468635391371
4920,86,4060,1.2399577132178883,43.52177275243937,-5.624710570897621,43.5217670361225,-5.62469738663912
4930,87,4060,1.3373826821894543,43.52177754957264,-5.624719688988471,43.521771520331,-5.62470535817417
4940,88,4060,1.441454735880479,43.52178139045765,-5.624727071863479,43.521775000498,-5.62471154003072
4950,89,4060,1.3068484259028437,43.52178460379917,-5.624733346291344,43.5217791043525,-5.62471904254859
4960,90,4060,1.3419445089138853,43.52178768433296,-5.624739187887025,43.5217820997531,-5.62472445458859
4970,91,4060,1.4138432926749491,43.52179064448281,-5.624744678842998,43.5217846188849,-5.62472925997118
4980,92,4060,1.3930617098718403,43.52179287940968,-5.624748549960445,43.5217870945139,-5.62473324650636
4990,93,4060,1.426415607033125,43.521794024186704,-5.6247503858015655,43.5217880631737,-5.62473474308758
5000,94,4060,1.4136594954583634,43.52179452280559,-5.624750414367976,43.5217885942531,-5.62473492668668
5010,95,4060,1.320764268375441,43.52179519943443,-5.624748604127149,43.5217891084043,-5.62473456246566
5020,96,4060,1.058412323527411,43.52179324489717,-5.624746477601988,43.5217888540529,-5.6247348472925
5030,97,4060,0.9698649575421739,43.521792504543605,-5.624747042131718,43.5217886887974,-5.62473624047219
5040,98,4060,0.8381974946681523,43.521792368678604,-5.6247498099119575,43.5217889364837,-5.62474056731589
5050,99,4060,0.8518821050018192,43.52179271489552,-5.624756017516542,43.5217892504093,-5.62474660732634
5060,100,4060,0.9399029807184319,43.521793498947254,-5.6247663617684935,43.5217901910553,-5.62475564848585
5070,101,4060,0.7507902075408639,43.521794755173,-5.624780739858102,43.5217921559773,-5.62477215705042
5076,0,5076,137.8920058836113,43.52276441795423,-5.6258415336958,43.5217932783957,-5.62478107453435
5080,102,4060,0.8639324029724034,43.521796086214756,-5.624795398172586,43.5217937054901,-5.62478521125711
5090,103,4060,1.0176477984098318,43.52179743188421,-5.624808932959358,43.5217952694467,-5.62479668348656
5100,104,4060,0.8284056736985543,43.52179867132057,-5.624821608020778,43.5217969495191,-5.62481162368421
5110,105,4060,0.9360181481369054,43.52179988910117,-5.624834416189576,43.5217983915345,-5.62482300560275
5120,106,4060,1.0674474600454849,43.5218010798616,-5.6248460962807725,43.5217996840573,-5.62483301291416
5130,107,4060,0.9783036221671306,43.521802008719696,-5.624855388752396,43.521800980641,-5.62484335212214
5140,108,4060,1.0297333831373714,43.5218026867537,-5.624863391921764,43.5218017692586,-5.6248506978363
5150,109,4060,1.1187603600869829,43.5218033921776,-5.624870897704463,43.5218025193594,-5.62485709015849
5160,110,4060,1.0373004343354026,43.52180400703231,-5.624877943457015,43.5218035263988,-5.62486510982599
5170,111,4060,1.1314356638695562,43.52180437715636,-5.62488316415153,43.5218038567214,-5.62486916559492
5180,112,4060,1.1847058959115582,43.52180457383252,-5.624885998639006,43.5218041578995,-5.62487133296271
5190,113,4060,1.1766423685142635,43.521804948314795,-5.624886744075622,43.5218045229695,-5.62487217888922
5200,114,4060,1.15647918032819,43.52180586129869,-5.624886350432565,43.5218051583938,-5.62487205606445
5210,115,4060,1.1027980063516805,43.52180591579838,-5.624886056980216,43.5218054958098,-5.62487240710036
5220,116,4060,1.0490143175084259,43.52180536057193,-5.624887247002399,43.5218050052346,-5.62487426038856
5230,117,4060,1.0318106135437388,43.5218048384479,-5.624890036389911,43.5218046720164,-5.62487725572489
5240,118,4060,1.083993481689164,43.521804569131,-5.624895819055418,43.5218046835989,-5.62488239078293
5250,119,4060,0.9337861610917709,43.52180464309182,-5.624905463697942,43.5218049799795,-5.62489390469459
5260,120,4060,1.0408410266320494,43.52180504265213,-5.624919145912227,43.5218056870402,-5.62490628197111
5270,121,4060,1.1885151229139232,43.521805578829834,-5.624933855376603,43.52180663125,-5.62491920300346
5280,122,4060,1.0502097779093247,43.52180612122168,-5.624947686389997,43.5218076454,-5.62493484664338
5290,123,4060,1.1666770123568337,43.52180655907017,-5.624960755765848,43.5218084513056,-5.62494653975893
5300,124,4060,1.326896638286547,43.52180699777324,-5.624973641613959,43.5218091015678,-5.62495746123822
5310,125,4060,1.190911575327348,43.52180736551658,-5.624986635341558,43.5218100970076,-5.6249723705761
5320,126,4060,1.2929009905896571,43.521807759382526,-5.624999389963755,43.5218107130023,-5.62498389928002
5329,0,5329,66.91023483308174,43.521542435765156,-5.625736091420436,43.5218114927446,-5.62499485284725
5330,127,4060,1.4295808021734444,43.52180825220716,-5.625011990284319,43.5218114927446,-5.62499485284725
5340,128,4060,1.3550862818798852,43.521808777254016,-5.625024856103995,43.5218125369986,-5.62500888922668
5350,129,4060,1.4996926293298853,43.52180918027984,-5.625036447796769,43.5218130227762,-5.62501864039719
5360,130,4060,1.6279759740713229,43.52180956930668,-5.625045952967697,43.5218134132214,-5.62502649371488
5370,131,4060,1.5280994169992692,43.52180993472326,-5.625054056271053,43.5218141509002,-5.62503604025625
5380,132,4060,1.6156366753914808,43.52181031148558,-5.6250618835303845,43.5218146482261,-5.62504278243288
5390,133,4060,1.717130458996607,43.52181054930543,-5.625069110325065,43.52181497615,-5.62504873227427
5400,134,4060,1.7177665993088507,43.5218107646069,-5.625074275365167,43.5218153666979,-5.62505396303018
5410,135,4060,1.769968312907425,43.52181082608646,-5.625076843570136,43.5218155230439,-5.6250558946728
5420,136,4060,1.7711608715810472,43.52181125859225,-5.625077294733309,43.5218158398138,-5.62505628171952
5430,137,4060,1.7926267280439916,43.52181190010649,-5.6250772098645285,43.5218165716671,-5.62505595667577
5440,138,4060,1.9552703556974667,43.521813620876394,-5.625080205027326,43.5218165477482,-5.62505632056606
5450,139,4060,1.9714195219007853,43.52181285302164,-5.625081408281587,43.521816102235,-5.62505739966585
5460,140,4060,1.9165648383372031,43.52181260126242,-5.625083919965259,43.5218165209511,-5.62506079986558
5470,141,4060,1.9788511376416094,43.52181448140875,-5.625089570510822,43.5218184550154,-5.62506567556946
5480,142,4060,2.1122612298959247,43.521817979676364,-5.625098937155758,43.521821553296,-5.62507323739731
5490,143,4060,2.065960987738352,43.52182317121328,-5.625112218912973,43.5218273512041,-5.62508728209393
5500,144,4060,2.270830648280005,43.521828601439395,-5.625126292750646,43.521832452255,-5.6250986660446
5510,145,4060,2.4815939478173217,43.521833631716106,-5.625139646959199,43.5218368256674,-5.62510922056186
5520,146,4060,2.4312980298344784,43.521838141999,-5.625152221186105,43.5218422121931,-5.62512262835642
5530,147,4060,2.6045431606066947,43.5218425726679,-5.625164556097313,43.5218462640725,-5.625132693465
5540,148,4060,2.840893698568165,43.521847225078915,-5.625176783186601,43.5218500175752,-5.62514179969922
5550,149,4060,2.8115327971455155,43.521851065587775,-5.625186760743607,43.5218543866613,-5.62515223210052
5560,150,4060,2.9260830512877534,43.5218541155598,-5.625194884021826,43.5218571487849,-5.6251588759795
5570,151,4060,3.0257347415489573,43.52185683796418,-5.625201964715762,43.5218597048831,-5.62516468905463
5580,152,4060,3.0292791599120883,43.521859565857405,-5.625208797928577,43.5218625475615,-5.62517149521953
5583,0,5583,448.23769512549734,43.51852042711332,-5.628268651474045,43.5218633255902,-5.62517314964365
5590,153,4060,3.15641014820731,43.52186191463325,-5.6252147562985515,43.5218645973812,-5.62517582806454
5600,154,4060,3.232298513449862,43.52186327695733,-5.625218363833831,43.5218658127847,-5.6251784730264
5610,155,4060,3.22554632156774,43.52186375308627,-5.625219968920383,43.5218665496583,-5.62518019531396
5620,156,4060,3.2160093291571235,43.521864286578314,-5.6252197790111165,43.5218671086401,-5.62518012754522
5630,157,4060,3.283861168073457,43.521866043897525,-5.625220394508306,43.5218675475225,-5.62517976478924
5640,158,4060,3.3514056720750216,43.52186739981508,-5.6252223107720525,43.5218673543217,-5.62518079143225
5650,159,4060,3.4029952605435474,43.52186742134705,-5.625223898293248,43.5218677599732,-5.62518174236721
5660,160,4060,3.4669542324699036,43.52186897535271,-5.625226869220536,43.5218694324383,-5.62518392296753
5670,161,4060,3.4912312524048397,43.52187371035973,-5.625232231452111,43.5218744750032,-5.62518899266713
5680,162,4060,3.7337311216071405,43.52188167324233,-5.625241139040429,43.5218808566698,-5.62519489685724
5690,163,4060,4.066762270154408,43.5218922143194,-5.625252497710751,43.5218886294465,-5.62520235915853
5700,164,4060,4.234965512303347,43.5219026609942,-5.625263566883616,43.5218990648542,-5.62521133628212
5710,165,4060,4.520643461241819,43.52191190600493,-5.625273592285757,43.5219063397486,-5.62521811617152
5720,166,4060,4.818160142892935,43.521920647067155,-5.625283074305161,43.5219130247298,-5.6252243166716
5730,167,4060,4.872872288108662,43.52192941967448,-5.625292360760292,43.5219221339682,-5.62523283444291
5740,168,4060,5.209553535172131,43.521938461585194,-5.625302468799219,43.5219290358013,-5.62523925204841
5750,169,4060,5.474806957580217,43.521946702043884,-5.625311700433736,43.5219356727051,-5.62524560245237
5760,170,4060,5.558268465067321,43.52195531485673,-5.625320929963689,43.5219443972667,-5.62525373667447
5770,171,4060,5.8153293845309495,43.5219638048464,-5.62533001347693,43.5219513436123,-5.6252600489881
5780,172,4060,6.061133743251615,43.52197197149979,-5.625338781519992,43.5219581228391,-5.62526616158744
5790,173,4060,6.127472216888896,43.52198026131888,-5.625347786059787,43.5219667834677,-5.6252741856028
5800,174,4060,6.3542643808935,43.52198837112011,-5.625356736577474,43.5219737476349,-5.62528064281089
5810,175,4060,6.592704770964593,43.52199646381995,-5.625365506362393,43.5219804740585,-5.6252868646718
5820,176,4060,6.6506770186431,43.522003884728605,-5.625373774538299,43.5219885710997,-5.62529413406384
5830,177,4060,6.8015527527206325,43.522009590424325,-5.625380314538568,43.5219935044149,-5.6252990250317
5837,0,5837,2.446249934990864,43.52197799414292,-5.6253185603759235,43.5219963412783,-5.62530188038833
5840,178,4060,6.92146403081253,43.522014310051226,-5.625385866014874,43.5219977211493,-5.62530322649853
5850,179,4060,6.884323053442584,43.52201875628364,-5.625390769779942,43.5220029273481,-5.62530832313525
5860,180,4060,6.978966708854173,43.52202311381043,-5.625395241076938,43.5220066382222,-5.6253118198841
5870,181,4060,7.015767689142237,43.522026478680715,-5.625398701615139,43.5220100777861,-5.62531478015412
5880,182,4060,7.067033697017763,43.52202825402797,-5.625400456705045,43.5220115116029,-5.62531600499902
5890,183,4060,7.049412909734139,43.5220287098614,-5.625400844813099,43.5220123091387,-5.62531649166662
5900,184,4060,7.013094689931454,43.52202953609852,-5.625399700586589,43.5220131963443,-5.62531579072891
5910,185,4060,6.620590293717874,43.52202817301627,-5.625395528723413,43.5220134822003,-5.62531604998907
5920,186,4060,6.3293439714879405,43.522025954606065,-5.625393992188112,43.5220133210268,-5.62531754014348
5930,187,4060,6.087464978257612,43.522025070551756,-5.625395595486909,43.5220130138348,-5.62532203565254
5940,188,4060,6.020458212145698,43.52202478412543,-5.6254003910935735,43.5220125436832,-5.62532774097864
5950,189,4060,6.055460959903118,43.52202420529575,-5.6254096542133,43.5220121827724,-5.62533649022278
5960,190,4060,5.8606724930686855,43.52202345848161,-5.625423000241414,43.5220114927598,-5.62535229440005
5970,191,4060,5.984694557214423,43.52202273690164,-5.625437326140131,43.52201108414,-5.62536494624812
5980,192,4060,6.0897137332322995,43.52202203229855,-5.625450983012485,43.5220106531905,-5.62537718968848
5990,193,4060,5.92491535708107,43.52202140419715,-5.625463995800165,43.5220101864528,-5.62539224273933
6000,194,4060,6.09568878010976,43.52202063216821,-5.625477473842995,43.5220099344959,-5.62540341142759
6010,195,4060,6.17188722696051,43.52202003661621,-5.625488903760302,43.5220095878276,-5.62541381235561
6020,196,4060,6.066746551060752,43.52201964357385,-5.625497860307597,43.5220092925865,-5.62542406942697
6030,197,4060,6.145216416383463,43.52201944197322,-5.625505639561998,43.5220092633262,-5.62543081377745
6040,198,4060,6.19527507175364,43.522019249120106,-5.625513169786982,43.5220090431611,-5.62543772012997
6050,199,4060,6.170619175763042,43.52201901681675,-5.625519896748841,43.5220089133768,-5.62544473149065
6060,200,4060,6.240164989272764,43.52201875050328,-5.625523999059243,43.5220087382907,-5.62544793476395
6070,201,4060,6.259207881888483,43.522018885454905,-5.625525722224075,43.5220090542982,-5.62544937340609
6080,202,4060,6.254259369307037,43.52201977205551,-5.6255252801616376,43.5220098502062,-5.62544901594289
6090,203,4060,6.391353506095968,43.52202074892072,-5.625526872231067,43.5220100038536,-5.6254490908004
6091,0,6091,3.5197306260078576,43.52197896865154,-5.6254574262932735,43.5220100038536,-5.6254490908004
6100,204,4060,6.439684216339498,43.52202031522573,-5.625528569590847,43.522009598956,-5.62545017122376
6110,205,4060,6.342748775798024,43.52201954480969,-5.625530648622833,43.5220090709479,-5.62545340937406
6120,206,4060,6.310695705265958,43.522019557314664,-5.6255347781207465,43.5220094866954,-5.62545784042223
6130,207,4060,6.394291702028852,43.52202055742197,-5.625542895052428,43.5220104956924,-5.6254649030122
6140,208,4060,6.23239791090375,43.52202226130444,-5.625555279251633,43.5220127517821,-5.6254791900037
6150,209,4060,6.377750344948703,43.52202442721689,-5.62556957531939,43.5220150290147,-5.62549163372555
6160,210,4060,6.491754609643265,43.522026609501665,-5.625583342104686,43.5220172992954,-5.62550394937686
6170,211,4060,6.3232601167871705,43.522028491982724,-5.6255961765670355,43.5220199438554,-5.62551873182569
6180,212,4060,6.410196900087075,43.52203011203084,-5.625608246400107,43.5220219617208,-5.62552963199139
6190,213,4060,6.46953191174318,43.52203181368388,-5.625620256092438,43.5220240051669,-5.62554083385519
6200,214,4060,6.269442163813757,43.52203347446992,-5.625632353187807,43.5220263952043,-5.62555529910526
6210,215,4060,6.3556179504234125,43.52203524815659,-5.6256443580466575,43.5220284215424,-5.62556618518796
6220,216,4060,6.401651799115218,43.52203702669577,-5.625656059507681,43.522030344748,-5.6255772886608
6230,217,4060,6.257904085374238,43.52203894187349,-5.6256680893221525,43.5220329420015,-5.62559100495848
6240,218,4060,6.347065404168413,43.52204044940102,-5.625678148559288,43.5220345415534,-5.6255999400213
6250,219,4060,6.344953131285951,43.52204156814935,-5.625686183172785,43.5220360900598,-5.62560794144776
6260,220,4060,6.214226550653222,43.52204247871862,-5.625693011368361,43.522037675185,-5.62561631082639
6270,221,4060,6.244893747313984,43.522043423783366,-5.625699685185581,43.5220387440005,-5.6256225888317
6280,222,4060,6.299805413186932,43.52204436974369,-5.6257059814384895,43.5220399417905,-5.62562817440381
6290,223,4060,6.266649094861236,43.522044970355125,-5.625710142994287,43.5220406479774,-5.62563273664155
6300,224,4060,6.299410307358614,43.52204518789212,-5.625711993631817,43.5220409570027,-5.62563417065231
6310,225,4060,6.266568413024792,43.52204570416601,-5.625711478830708,43.5220414825565,-5.62563406290286
6320,226,4060,6.35583994106039,43.522046871452076,-5.625712116253684,43.5220420943447,-5.62563365184878
6330,227,4060,6.661029937605075,43.52204918828133,-5.62571579567553,43.5220422191987,-5.62563383587328
6340,228,4060,6.77978486983906,43.522050249463405,-5.625717107025846,43.522042719463,-5.62563375884193
6344,0,6344,2.5825314536771944,43.52202424552987,-5.625651228718346,43.5220436331319,-5.6256336578978
6350,229,4060,6.756340770238299,43.522054015776845,-5.62571592221115,43.5220453887559,-5.62563306990785
6360,230,4060,6.678737881917407,43.522059479729236,-5.6257126555007275,43.5220498354156,-5.62563099072408
6370,231,4060,6.69870001359771,43.52206718341902,-5.625708799686258,43.5220566197345,-5.62562710031228
6380,232,4060,6.780108786688865,43.52207699980648,-5.625704226550149,43.5220679348741,-5.62562116540474
6390,233,4060,6.804253879363301,43.52208672696088,-5.62569990011207,43.5220765872651,-5.62561677225808
6400,234,4060,6.828654256012372,43.52209590722198,-5.625695794534833,43.5220849035438,-5.62561256861682
6410,235,4060,6.905365827640698,43.522104581695174,-5.625692007260226,43.5220950951682,-5.62560746508031
6420,236,4060,6.924703443325402,43.52211293427539,-5.625688328163219,43.5221029443957,-5.62560365359031
6430,237,4060,6.960570743883929,43.522121282679485,-5.625684443750611,43.5221108229314,-5.62559942641429
6440,238,4060,7.046826563245364,43.522129464115,-5.625680552696436,43.5221206694038,-5.62559409830551
6450,239,4060,7.078278905951032,43.52213766001501,-5.625676847214285,43.5221283607177,-5.62559009938845
6460,240,4060,7.121999027820035,43.52214589723748,-5.6256732371347775,43.5221361527605,-5.62558603421553
6470,241,4060,7.204488753875503,43.52215412650253,-5.625669630826436,43.5221461553219,-5.62558105610298
6480,242,4060,7.233575429385445,43.522162217741574,-5.625665936470612,43.5221538779221,-5.62557706295141
6490,243,4060,7.284478242326746,43.522170204481675,-5.625662221950232,43.5221614721901,-5.62557278379161
6500,244,4060,7.385161755643463,43.5221782873595,-5.625658569804003,43.5221714228875,-5.62556756825253
6510,245,4060,7.440603844986028,43.522186246863086,-5.625655118280758,43.5221790578654,-5.62556347349529
6520,246,4060,7.476420080569932,43.52219404900071,-5.625651776188565,43.522186738385,-5.6255597033092
6530,247,4060,7.587588821452994,43.52220202488997,-5.62564831918887,43.5221960334058,-5.62555468256955
6540,248,4060,7.614517180795269,43.52220850608578,-5.625645428812811,43.5222020815191,-5.62555151171545
6550,249,4060,7.650797483892245,43.52221380591153,-5.625643127806392,43.5222072660201,-5.62554877431599
6560,250,4060,7.728011720832619,43.52221870639453,-5.625641156628141,43.5222135338916,-5.62554568257252
6570,251,4060,7.762527819382212,43.522223485284044,-5.625639312764728,43.5222177634229,-5.62554346926944
6580,252,4060,7.796199147031889,43.52222756332684,-5.625637688496659,43.5222216165761,-5.62554145237233
6590,253,4060,7.820242166531924,43.52223026053567,-5.625636634966161,43.5222247813607,-5.62554004728406
6598,0,6598,1.60327369378369,43.522214795933955,-5.625552898201912,43.5222254860057,-5.62553958764806
6600,254,4060,7.835091682404672,43.5222313227243,-5.625636210024362,43.5222257252278,-5.6255394506931
6610,255,4060,7.856233719600211,43.52223127122262,-5.625635991899766,43.5222261012463,-5.62553892470629
6620,256,4060,7.820664224124518,43.52223312149428,-5.625634820610032,43.522226418136,-5.62553837461779
6630,257,4060,7.6933470205399965,43.52223499740095,-5.625632804596583,43.5222265442065,-5.62553820949674
6640,258,4060,7.6324805433622505,43.52223514795462,-5.625630790060746,43.5222266501106,-5.62553696244001
6650,259,4060,7.742860592192059,43.52223524153702,-5.625627974186502,43.5222266616759,-5.62553278261704
6660,260,4060,7.751236336183224,43.52223585294413,-5.625621759433102,43.5222268529577,-5.6255265370319
6670,261,4060,7.749668589404426,43.52223713080485,-5.625612011993351,43.5222278006457,-5.62551686965001
6680,262,4060,8.013774921275788,43.52223876882817,-5.625599020212959,43.52222918235,-5.62550062398408
6690,263,4060,7.99904709101104,43.52224032045314,-5.6255861112992305,43.5222303195207,-5.62548797780707
6700,264,4060,7.979328343616464,43.5222416362291,-5.625573825570923,43.5222313262688,-5.6254759997703
6710,265,4060,8.230812730511495,43.522242919176946,-5.625562099632565,43.5222323357412,-5.62546118036535
6720,266,4060,8.222358445180816,43.52224425801523,-5.625550626726275,43.5222332874899,-5.62544989201858
6730,267,4060,8.243994875014794,43.522245593317095,-5.625539225885792,43.5222342867677,-5.62543829063171
6740,268,4060,8.497230111091802,43.522246944804344,-5.6255279612624065,43.5222356028838,-5.62542385997485
6750,269,4060,8.48001821714221,43.522248193797786,-5.625516768564452,43.5222363791822,-5.6254129831548
6760,270,4060,8.494400999747805,43.52224934084972,-5.625505464122681,43.5222372097949,-5.62540156768086
6770,271,4060,8.751785246615114,43.522250579715255,-5.6254941620008445,43.5222384615051,-5.62538703428409
6780,272,4060,8.740369514588334,43.52225172865684,-5.625482896523336,43.5222393540906,-5.62537596777042
6790,273,4060,8.765995459137594,43.522252851530354,-5.625471742732088,43.522240105528,-5.6253645752641
6800,274,4060,9.023080174674527,43.52225396886397,-5.625460519805551,43.5222411587944,-5.62535014016492
6810,275,4060,9.00998459414872,43.52225524113482,-5.625449237127341,43.5222419661222,-5.62533912648434
6820,276,4060,9.029228547260523,43.52225651160632,-5.625438008465165,43.5222430734114,-5.62532769371757
6830,277,4060,9.299247939676285,43.52225767655676,-5.62542676403247,43.5222442719383,-5.6253130510592
6840,278,4060,9.292130501206646,43.52225870655118,-5.625415418982167,43.5222447974492,-5.62530191072594
6850,279,4060,9.593470603876325,43.5222597489266,-5.62540419402851,43.5222459035563,-5.62528688697343
6852,0,6852,1.5460885849820163,43.52223436460522,-5.62529754720733,43.5222459035563,-5.62528688697343
